<?xml version='1.0' encoding='UTF-8'?>  
<!DOCTYPE hibernate-configuration PUBLIC 
  "-//Hibernate/Hibernate Configuration DTD 3.0//EN" 
  "http://www.hibernate.org/dtd/hibernate-configuration-3.0.dtd">
  

<hibernate-configuration>
<session-factory>
<property name="hbm2ddl.auto">update</property>
<property name="dialect">org.hibernate.dialect.MySQLDialect</property>
<property name="connection.url">jdbc:mysql://localhost:3306/jfsd</property>
<property name="connection.username">root</property>
<property name="connection.password">Sujay@123</property>
<property name="connection.driver_class">com.mysql.cj.jdbc.Driver</property>
<mapping class="in.kluniversity.Hibernet_CRUD.Student"/>
</session-factory>
</hibernate-configuration>
  